label,labels
rule,0
interview,0
thereby,0
monitored,0
mass,0
monthly,0
conversation,0
serious,0
perspectives,0
intervention,0
attendance,0
transversal,0
researcher,0
obligatory,0
separately,0
ones,0
diplomas,0
map,0
started,0
unesco,0
workplace,0
december,0
periods,0
modernization,0
shop,0
press,0
faculties,0
x,0
drawn,0
freedom,0
useful,0
phenomenon,0
zagreb,0
locations,0
roots,0
meanings,0
democracy,0
eur,0
strength,0
construct,0
extended,0
raised,0
manifestations,0
payment,0
financed,0
naps,0
weak,0
accession,0
record,0
accounting,0
jan,0
utilization,0
elected,0
roku,0
devices,0
officials,0
everyone,0
reach,0
rollout,0
output,0
intake,0
represent,0
dependencies,0
character,0
specialties,0
de,0
measurement,0
summer,0
nss,0
pedagogue,0
hardware,0
easier,0
talented,0
responsive,0
performances,0
validation,0
nd,0
expressing,0
safe,0
employer,0
changed,0
obligation,0
half,0
qualifying,0
wish,0
childcare,0
domestic,0
optimization,0
hold,0
prospects,0
counseling,0
pbm,0
segments,0
easily,0
turn,0
code,0
awarded,0
responding,0
gradual,0
thanks,0
cycles,0
concerned,0
variables,0
forecasts,0
conducting,0
agree,0
roll,0
engineers,0
prosperity,0
salaries,0
communications,0
method,0
databases,0
outcome,0
upskilling,0
dealing,0
remuneration,0
collected,0
publicly,0
procurement,0
accurate,0
quickly,0
proposal,0
partly,0
failure,0
inspectors,0
maintainers,0
seminars,0
constantly,0
website,0
equitable,0
instructions,0
consequently,0
divided,0
generation,0
expanded,0
conclusions,0
greatest,0
stimulate,0
roma,0
developmental,0
scholarship,0
ambitions,0
specialisation,0
modernise,0
cultures,0
sentences,0
partner,0
sec,0
interesting,0
experienced,0
hard,0
workload,0
instance,0
alignment,0
equations,0
letters,0
cation,0
whereas,0
reliable,0
finding,0
entering,0
macro,0
teach,0
round,0
spheres,0
military,0
determining,0
reputation,0
geographical,0
packages,0
subsequently,0
march,0
syllabi,0
secure,0
openness,0
location,0
neps,0
learner,0
peer,0
topics,0
countryside,0
technicians,0
size,0
civic,0
interventions,0
serve,0
concerns,0
notes,0
requests,0
exist,0
enables,0
move,0
engaged,0
conscious,0
authors,0
findings,0
tertiary,0
exemplary,0
pathways,0
dynamic,0
transportation,0
og,0
enhancement,0
combination,0
basics,0
think,0
trades,0
option,0
underpin,0
corresponding,0
ndp,0
barriers,0
assumed,0
settlements,0
nursery,0
nomenclature,0
integrate,0
exists,0
licence,0
comparative,0
maritime,0
representation,0
rectors,0
inhabitants,0
qa,0
edu,0
verbal,0
allowance,0
sex,0
advance,0
relative,0
internationalization,0
launched,0
colleagues,0
staffing,0
regime,0
foundations,0
little,0
tions,0
critically,0
papers,0
adjusting,0
apprenticeship,0
element,0
draw,0
dimension,0
maximum,0
inactive,0
gramme,0
qualitative,0
ambition,0
consolidated,0
leavers,0
nominal,0
defining,0
agents,0
linking,0
environments,0
message,0
resilience,0
quarterly,0
awards,0
housing,0
habits,0
retention,0
publish,0
significance,0
workshop,0
appendix,0
organizational,0
invest,0
ministerial,0
messages,0
update,0
bill,0
mentoring,0
effectively,0
streamlined,0
prospective,0
commence,0
matters,0
boarding,0
along,0
egu,0
alternatives,0
households,0
advisory,0
entrance,0
exclusively,0
essence,0
designation,0
manual,0
shortage,0
developers,0
adjusted,0
van,0
item,0
careers,0
determined,0
pressure,0
going,0
payments,0
adapt,0
represents,0
computerization,0
took,0
name,0
observe,0
factual,0
always,0
synergy,0
earlier,0
drivers,0
localities,0
prevent,0
decentralized,0
imposed,0
usd,0
teams,0
topic,0
solidarity,0
belonging,0
conceptual,0
placement,0
august,0
formulated,0
distributed,0
latter,0
quantity,0
follows,0
minority,0
assessments,0
descriptions,0
air,0
adjustments,0
j,0
requiring,0
respecting,0
added,0
camps,0
performing,0
actor,0
described,0
piloted,0
debate,0
conflict,0
innovations,0
represented,0
acting,0
obstacles,0
patterns,0
challenged,0
entitled,0
phased,0
laid,0
college,0
challenging,0
drop,0
ta,0
necessity,0
reinforce,0
obtained,0
mentioned,0
conference,0
back,0
fall,0
usually,0
opinion,0
located,0
worker,0
locally,0
interdisciplinary,0
book,0
behind,0
accordingly,0
met,0
jointly,0
vocationally,0
preparatory,0
cpd,0
though,0
relate,0
larger,0
sites,0
difficulties,0
chance,0
commercial,0
optimal,0
vet,0
advancing,0
rapid,0
clause,0
adapting,0
aspect,0
resolution,0
strategie,0
favourable,0
obtaining,0
nations,0
mof,0
meets,0
keeping,0
contributions,0
timely,0
efficiently,0
constitute,0
capabilities,0
appointed,0
urgent,0
continues,0
sessions,0
initiate,0
allowances,0
produced,0
continuum,0
enter,0
gaps,0
facing,0
modules,0
left,0
seen,0
publishing,0
initiative,1
beyond,1
transparent,1
great,1
negative,1
compliance,1
although,1
strengths,1
statistics,1
maintenance,1
reporting,1
limited,1
governments,1
internationally,1
transparency,1
class,1
control,1
steps,1
called,1
often,1
accessible,1
benefits,1
prior,1
fund,1
want,1
reflect,1
systematic,1
participants,1
childhood,1
detailed,1
day,1
evaluations,1
sectoral,1
insufficient,1
dutch,1
senior,1
far,1
publications,1
us,1
vi,1
cannot,1
gross,1
counselling,1
condition,1
acquire,1
clearly,1
degrees,1
components,1
highest,1
danish,1
effects,1
equality,1
differentiation,1
yet,1
person,1
date,1
organised,1
face,1
home,1
involves,1
introducing,1
inter,1
credit,1
suitable,1
tax,1
crucial,1
networks,1
specialists,1
identifying,1
june,1
grants,1
h,1
factors,1
compare,1
bring,1
estonian,1
colleges,1
income,1
climate,1
buildings,1
entire,1
enhanced,1
planned,1
paper,1
start,1
actively,1
four,1
relations,1
minimum,1
instruments,1
tourism,1
excellence,1
orientation,1
intensive,1
single,1
actual,1
talent,1
component,1
prevention,1
solas,1
structural,1
qualified,1
dialogue,1
availability,1
completed,1
hours,1
distribution,1
institute,1
interests,1
reduction,1
aimed,1
publication,1
literacy,1
connection,1
core,1
enrollment,1
transport,1
questions,1
direct,1
arts,1
allocated,1
living,1
contents,1
fact,1
conduct,1
receive,1
via,1
considered,1
consider,1
mission,1
seek,1
background,1
benefit,1
computer,1
investments,1
maintain,1
fulfilment,1
proper,1
starting,1
discussion,1
find,1
competition,1
base,1
healthcare,1
strengthened,1
outside,1
highly,1
carry,1
k,1
workers,1
adopted,1
methodological,1
approaches,1
much,1
reforms,1
engage,1
shows,1
developments,1
reducing,1
address,1
makes,1
solving,1
property,1
monitor,1
leaving,1
coordination,1
differences,1
meeting,1
competitiveness,1
understand,1
scheme,1
designed,1
growing,1
shall,1
multi,1
states,1
organizations,1
fulfil,1
faculty,1
paid,1
identification,1
description,1
emis,1
scenario,1
software,1
net,1
operate,1
power,1
sense,1
modernisation,1
restructuring,1
vii,1
consideration,1
separate,1
workshops,1
summary,1
unions,1
wkshops,1
loan,1
engineering,1
comparison,1
ambitious,1
percent,1
textbook,1
employed,1
equipped,1
fees,1
applications,1
challenge,1
literature,1
estimated,1
similar,1
grammar,1
coherent,1
sub,1
designing,1
eud,1
deliveredby,1
ensured,1
solve,1
reference,1
old,1
written,1
updating,1
libraries,1
official,1
inspectorate,1
nvao,1
mathematical,1
conferences,1
categories,1
nfq,1
registration,1
lg,1
books,1
gap,1
annually,1
accommodation,1
bosnia,1
herzegovina,1
words,1
hf,1
september,1
figure,1
historical,1
express,1
administrators,1
discrimination,1
vulnerable,1
interaction,1
internationalisation,1
maths,1
issued,1
duration,1
approximately,1
acts,1
weaknesses,1
presented,1
laws,1
assessed,1
difficulty,1
professionals,1
customer,1
draft,1
almost,1
scholarships,1
adoption,1
rise,1
schooling,1
history,1
score,1
governing,1
educated,1
aids,1
cr,1
placed,1
commission,1
improvements,1
task,1
socially,1
applicants,1
disciplines,1
junior,1
participating,1
healthy,1
skill,1
provisions,1
expenses,1
gradually,1
certificate,1
testing,1
commitment,1
studying,1
specialized,1
know,1
poverty,1
longer,1
conducted,1
effort,1
online,1
professions,1
diverse,1
f,1
room,1
security,1
writing,1
recovery,1
trained,1
mathematics,1
perform,1
last,1
involve,1
u,1
internet,1
continued,1
events,1
unified,1
gymnasium,1
amendment,1
residential,1
combined,1
grammes,1
skilled,1
opinions,1
describe,1
digitalisation,1
expenditures,1
phenomena,1
functional,1
associate,1
definition,1
english,1
revenues,1
contemporary,1
aged,1
weeks,1
risks,1
traditional,1
classes,1
unemployment,1
occupations,1
rehabilitation,1
determine,1
put,1
offers,1
obligations,1
relating,1
involving,1
member,1
dimensional,1
educa,1
raising,1
step,1
increasingly,1
excellent,1
capita,1
committed,1
remain,1
train,1
grant,1
county,1
disadvantage,1
delivering,1
expertise,1
demographic,1
transition,1
focused,1
thematic,1
individuals,1
interest,1
choice,1
experiences,1
acquired,1
administration,1
grade,1
strong,1
association,1
researchers,1
funded,1
selected,1
site,1
profiling,1
employees,1
critical,1
providers,1
diaspora,1
equal,1
flexibility,1
urban,1
status,1
grades,1
autonomy,1
allow,1
fully,1
whether,1
demands,1
motivation,1
efforts,1
democratic,1
play,1
places,1
decisions,1
characteristics,1
labor,1
enrolled,1
oecd,1
wide,1
accountability,1
relevance,1
prepared,1
recent,1
identified,1
engagement,1
achievement,1
pedagogues,1
energy,1
fundamental,1
partners,1
curricular,1
needed,1
texts,1
sufficient,1
landscape,1
deliver,1
upbringing,1
citizens,1
formal,1
large,1
value,1
investment,1
collaboration,1
integrated,1
elements,1
media,1
provides,1
inclusion,1
innovative,1
departments,1
reduce,1
practices,1
independent,1
cities,1
force,1
entrepreneurship,1
principle,1
awareness,1
regard,1
give,1
art,1
whole,1
abilities,1
creative,1
rural,1
adequate,1
complete,1
facilities,1
attention,1
build,1
contribution,1
choices,1
consultation,1
coming,1
prepare,1
l,1
units,1
less,1
essential,1
capacities,1
setting,1
enhance,1
purpose,1
achieving,1
responsibilities,1
declaration,1
survey,1
functioning,1
amount,1
proposals,1
digital,1
safety,1
possibility,1
assess,1
influence,1
adults,1
compared,1
georgia,1
estimates,1
type,1
aspects,1
production,1
published,1
works,1
disabilities,1
technological,1
physical,1
defined,1
next,1
encourage,1
coalition,2
widely,2
sional,2
module,2
cause,2
occurs,2
empower,2
irc,2
mandate,2
daycare,2
universal,2
speak,2
methodologies,2
exemptions,2
simultaneously,2
smooth,2
cf,2
discovery,2
ethics,2
ercs,2
tbilisi,2
french,2
lasts,2
lsvb,2
prime,2
politics,2
es,2
honours,2
institu,2
stop,2
faced,2
possess,2
deprived,2
workplaces,2
deeper,2
sums,2
car,2
monitors,2
personality,2
mountainous,2
listed,2
turns,2
refers,2
papd,2
residence,2
experiential,2
peace,2
develops,2
gets,2
acronyms,2
ordinary,2
enjoy,2
accompanying,2
plays,2
viable,2
strict,2
smart,2
spending,2
sport,2
broadly,2
chambers,2
positively,2
consulting,2
fill,2
perception,2
excess,2
compe,2
reorganization,2
trainees,2
pillars,2
succeed,2
parallel,2
package,2
moldovan,2
ss,2
arisen,2
underdeveloped,2
enactment,2
desire,2
agricultural,2
isced,2
pandemic,2
intent,2
male,2
articles,2
conclusion,2
het,2
lll,2
favour,2
reorganisation,2
sanitary,2
suspended,2
performers,2
dublin,2
cohesive,2
opened,2
taoiseach,2
reproducing,2
preference,2
aforementioned,2
regionally,2
operates,2
opposite,2
unknown,2
toys,2
campaigns,2
inner,2
ending,2
forestry,2
matrices,2
boys,2
minimise,2
release,2
impartiality,2
im,2
phds,2
stress,2
mechanical,2
authentic,2
utilisation,2
compensate,2
justify,2
printed,2
voca,2
binary,2
distinctive,2
perceive,2
deficiencies,2
moral,2
lov,2
earned,2
timeframes,2
illustrations,2
boundaries,2
attracting,2
skillsets,2
objectively,2
traineeships,2
uk,2
roadmap,2
suggestions,2
oneself,2
tangible,2
retraining,2
additionally,2
interconnected,2
lose,2
fail,2
chart,2
printing,2
popular,2
surplus,2
median,2
clinical,2
ferent,2
impetus,2
animate,2
procure,2
happen,2
party,2
organisers,2
relying,2
seems,2
fetac,2
rental,2
centralization,2
analyze,2
marzes,2
hire,2
resolved,2
nationwide,2
replacing,2
advertising,2
riigikogu,2
auxiliary,2
juvenile,2
documented,2
wood,2
determination,2
consisting,2
damage,2
licensed,2
biology,2
czechoslovakia,2
animals,2
minimal,2
specifies,2
auspices,2
articulate,2
rendered,2
experiments,2
synergistic,2
deadlines,2
subordinate,2
filling,2
optimum,2
corps,2
fiscal,2
clubs,2
caution,2
mixed,2
memory,2
homelessness,2
geo,2
filed,2
perceiving,2
metal,2
asked,2
cope,2
encouragement,2
collecting,2
patriotic,2
employing,2
sme,2
sible,2
enrich,2
tendency,2
offset,2
org,2
percentages,2
waste,2
rs,2
tend,2
inconsistency,2
fora,2
mes,2
felt,2
explains,2
adhering,2
preferences,2
saving,2
revising,2
obrazovanja,2
copies,2
greeting,2
pursuit,2
disadvantages,2
running,2
goes,2
constituted,2
intelligence,2
prevailing,2
globalization,2
answers,2
threat,2
cloud,2
goods,2
religion,2
examiners,2
usable,2
consult,2
equally,2
incomes,2
machine,2
thoroughly,2
accounted,2
permit,2
disaggregate,2
something,2
mzos,2
skilling,2
tried,2
strictly,2
feelings,2
girls,2
feeling,2
azeri,2
kartli,2
kvemo,2
selling,2
worked,2
upgraded,2
relates,2
inform,2
ln,2
ective,2
explained,2
threatening,2
thought,2
grangegorman,2
comprehensible,2
friday,2
ideology,2
typically,2
oideachais,2
scored,2
parliamentary,2
logic,2
accommodate,2
sheet,2
prioritise,2
logistical,2
removed,2
upcoming,2
lay,2
analysed,2
govern,2
djei,2
zones,2
deployment,2
road,2
sustained,2
resolve,2
prioritised,2
eligible,2
installation,2
consist,2
injuries,2
measurable,2
taskforce,2
prepares,2
attributes,2
expect,2
retain,2
contributed,2
vzd,2
submit,2
semi,2
atmosphere,2
contexts,2
advise,2
dropped,2
tel,2
politiky,2
bridges,2
reduces,2
pipeline,2
belong,2
showing,2
constructive,2
mbo,2
redistribution,2
event,2
preferred,2
weakening,2
horizon,2
fight,2
fighting,2
defend,2
launch,2
investigate,2
capitation,2
ideal,2
criterion,2
questionnaires,2
uas,2
exploring,2
cut,2
basically,2
twelve,2
spirit,2
specialisations,2
export,2
complement,2
theoretical,2
infants,2
attaining,2
translate,2
former,2
beliefs,2
interim,2
entrepreneur,2
talne,2
urbanisation,2
grading,2
vac,2
prestige,2
ho,2
responsiveness,2
supervisors,2
privatization,2
seven,2
marked,2
exports,2
necessarily,2
parental,2
incubators,2
acknowledge,2
environ,2
finally,2
interior,2
targeting,2
hence,2
accreditations,2
interdepartmental,2
ordinate,2
declining,2
slmru,2
realised,2
forecasting,2
stand,2
shaping,2
paradigm,2
territorial,2
ppp,2
west,2
imf,2
za,2
entrants,2
gas,2
fuel,2
interrelationships,2
rewards,2
connecting,2
unsatisfactory,2
reached,2
ministers,2
lifetime,2
fell,2
participated,2
prof,2
copenhagen,2
routine,2
albania,2
opted,2
weakness,2
alongside,2
density,2
raad,2
slightly,2
prevents,2
semester,2
grouped,2
original,2
distributing,2
kindergarten,2
exchanging,2
springboard,2
esk,2
qcs,2
searching,2
hse,2
jcpa,2
negotiate,2
predominantly,2
syllabus,2
replace,2
initially,2
modernizing,2
adaptability,2
arise,2
affordable,2
er,2
unlike,2
viewpoint,2
disseminate,2
envisaged,2
accessing,2
theatre,2
correspond,2
connectivity,2
responses,2
driving,2
backgrounds,2
aesthetic,2
arrangement,2
sought,2
ecce,2
deciding,2
intends,2
rpl,2
overseas,2
ite,2
chapters,2
ty,2
treated,2
joined,2
preserving,2
april,2
northern,2
emphasize,2
mobile,2
variations,2
assisting,2
fulfilled,2
predict,2
ineffective,2
dignified,2
consciousness,2
entered,2
qualify,2
normal,2
arrive,2
pivotal,2
erasmus,2
homeland,2
teachingandlearning,2
operated,2
dictionary,2
initiation,2
february,2
images,2
macroeconomic,2
apart,2
crime,2
underpinned,2
studied,2
contained,2
image,2
conditional,2
ser,2
olta,2
prescribed,2
transfers,2
removing,2
lies,2
rewarded,2
communicated,2
indispensable,2
absence,2
preferably,2
regarded,2
ecosystem,2
phasing,2
professor,2
commerce,2
domain,2
title,2
settlement,2
purchasing,2
participatory,2
accomplished,2
provider,2
pursued,2
organic,2
cedefop,2
attain,2
gaining,2
governed,2
personalities,2
thereof,2
spreading,2
loss,2
diagnosis,2
treaties,2
planners,2
academy,2
triangle,2
dif,2
flexibly,2
proposes,2
possibly,2
calculated,2
lectures,2
constant,2
substantiate,2
electric,2
otherwise,2
assuring,2
infrastructural,2
structurally,2
specifying,2
coordinator,2
calls,2
dcya,3
productive,3
placements,3
societal,3
observations,3
readiness,3
speed,3
rest,3
attract,3
decentralisation,3
parameters,3
pr,3
referred,3
organize,3
adjust,3
players,3
examine,3
integral,3
contacts,3
managed,3
transferable,3
eliminating,3
egfsn,3
stability,3
director,3
surface,3
discipline,3
beneficiaries,3
innovate,3
keep,3
concentration,3
depends,3
debates,3
conjunction,3
decades,3
highlighted,3
investing,3
etbs,3
surrounding,3
recording,3
mainstream,3
influences,3
equivalent,3
eight,3
hygienic,3
generic,3
nine,3
productivity,3
attractive,3
instrument,3
laboratory,3
instructional,3
towns,3
chain,3
elaborated,3
aligned,3
forum,3
extending,3
closer,3
valuable,3
competitions,3
multicultural,3
collaborative,3
mix,3
prioritisation,3
wants,3
applicable,3
ac,3
capability,3
influencing,3
extend,3
ec,3
fine,3
memorandum,3
city,3
objects,3
resistance,3
disabled,3
citizenship,3
defence,3
category,3
align,3
employability,3
drama,3
willingness,3
july,3
holding,3
interpersonal,3
agendas,3
standing,3
hygiene,3
forces,3
continuity,3
binding,3
apprenticeships,3
looking,3
frameworks,3
agus,3
disease,3
ups,3
stemming,3
steady,3
exchequer,3
kept,3
sketches,3
calculate,3
revise,3
villages,3
timeframe,3
standardised,3
tongue,3
whereby,3
let,3
coordinate,3
began,3
supplemented,3
constitutional,3
reliability,3
ipa,3
advancement,3
reluctance,3
tusla,3
pollution,3
verify,3
complexes,3
xiii,3
ventures,3
researchned,3
census,3
toward,3
everything,3
eqar,3
candidate,3
investigated,3
visits,3
delegated,3
campaign,3
decentralised,3
intention,3
say,3
ti,3
anti,3
mastery,3
emphasised,3
immigration,3
ncc,3
holidays,3
identifies,3
alone,3
petences,3
md,3
underpinning,3
unnecessarily,3
constitutes,3
missing,3
impossible,3
practically,3
announced,3
confident,3
submissions,3
exchanges,3
shortcomings,3
payroll,3
verified,3
redress,3
man,3
enroll,3
video,3
elsewhere,3
aside,3
tradition,3
ov,3
progressing,3
empowering,3
gymnasiums,3
enrichment,3
recession,3
german,3
counsellors,3
profes,3
justified,3
abandonment,3
consultative,3
female,3
modes,3
counties,3
satisfy,3
marks,3
sequence,3
creatively,3
arrange,3
forced,3
ratios,3
duplication,3
except,3
issuing,3
homes,3
extremely,3
spiritual,3
objectivity,3
visiting,3
consent,3
article,3
premises,3
correctly,3
dropping,3
intonation,3
rising,3
grammatical,3
severe,3
harmonised,3
tv,3
repair,3
pilots,3
neither,3
closed,3
liberal,3
nl,3
phrases,3
fertility,3
editing,3
manipulative,3
nurses,3
predicate,3
bio,3
privileges,3
graphics,3
appealing,3
bad,3
sent,3
exit,3
officers,3
isbn,3
dormitory,3
alike,3
signing,3
stance,3
sanctions,3
records,3
download,3
lexical,3
synonyms,3
apology,3
outreach,3
acute,3
ji,3
christianity,3
seasons,3
ideological,3
guaranteeing,3
graphs,3
editors,3
happiness,3
rotterdam,3
nfvq,3
late,3
alumni,3
mail,3
headed,3
saved,3
credibility,3
symmetry,3
clarification,3
reconsidered,3
virtual,3
preliminary,3
solved,3
suffered,3
weakened,3
spoken,3
unclear,3
republican,3
attempt,3
der,3
establishments,3
adding,3
gazette,3
behave,3
studiekeuze,3
pta,3
ncf,3
obliged,3
camp,3
cdu,3
samtskhe,3
signed,3
limitations,3
craft,3
trading,3
deep,3
incoherent,3
centeredness,3
reasonable,3
spa,3
dates,3
unification,3
adaptable,3
freight,3
comm,3
bulletin,3
reconsidering,3
snapshot,3
discharge,3
eurostudent,3
deer,3
spite,3
dfa,3
individualised,3
fromacurrentrateof,3
unexpected,3
limiting,3
analytics,3
conversion,3
unsustainable,3
moment,3
scheduled,3
attachment,3
commenced,3
htm,3
rolled,3
efficiencies,3
experiencing,3
assure,3
pass,3
views,3
proceeding,3
extreme,3
tomorrow,3
aid,3
corresponds,3
totals,3
instructors,3
harmful,3
verification,3
valid,3
dedicated,3
competent,3
subjective,3
strongly,3
substantially,3
forest,3
soft,3
savings,3
disparities,3
land,3
nformation,3
remaining,3
bureau,3
inspections,3
moving,3
consequence,3
designated,3
demonstrated,3
attending,3
devoted,3
borders,3
reviews,3
consistency,3
powerful,3
interpretation,3
amounts,3
collect,3
interconnection,3
un,3
appear,3
resulted,3
assisted,3
forecast,3
accepted,3
discover,3
accumulation,3
extracurricular,3
entity,3
attended,3
ncse,3
pages,3
numerous,3
emissions,3
known,3
equipping,3
mostly,3
attached,3
folkeskole,3
diversification,3
depth,3
cognitive,3
picture,3
consolidation,3
discussed,3
away,3
realistic,3
upgrading,3
reinforcement,3
affected,3
embedded,3
contain,3
client,3
preventing,3
stimulating,3
ep,3
ties,3
modified,3
protect,3
beneficial,3
enrolments,3
unnecessary,3
evident,3
gaeltacht,3
remote,3
diseases,3
deepening,3
doctor,3
paths,3
rely,3
leader,3
characteristic,3
devel,3
prerequisites,3
driven,3
huge,3
facilitates,3
decide,3
evolving,3
principal,3
reinforced,3
allocating,3
feel,3
purchase,3
ecosystems,3
revenue,3
attained,3
reskilling,3
optional,3
sphere,3
men,3
heating,3
exceeds,3
elections,3
consumer,3
coexistence,3
accountable,3
needy,3
insurance,3
entails,3
efa,3
inefficient,3
occupation,3
overarching,3
addictive,3
slow,3
employ,3
circular,3
visual,3
paying,3
periodically,3
october,3
gnp,3
utrecht,3
modelling,3
music,3
eliminate,3
complemented,3
signs,3
societies,3
biological,3
competency,3
realize,3
specializations,3
evolution,3
regards,3
nearly,3
recurrent,3
completely,3
pressures,3
transformed,3
builds,3
intensify,3
tests,3
scratch,3
vis,3
conclude,3
xii,3
diversify,3
segment,3
coupled,3
norwegian,3
accounts,3
solar,3
partially,3
shifts,3
deinstitutionalization,3
occur,3
aspirations,3
decided,3
gifted,3
potentially,3
files,3
centrally,3
indicated,3
willing,3
facilitated,3
formulates,3
accepting,3
cnes,3
campus,3
promotes,3
temporary,3
granted,3
brief,3
permits,3
multimedia,3
etb,3
incorporated,3
donors,3
admissions,3
classify,3
asia,3
sizes,3
rd,3
precarisation,3
meantime,3
granting,3
individually,3
channels,3
forums,3
handle,3
proceeds,3
contrary,3
format,3
progressed,3
never,3
dependence,3
attractiveness,3
respects,3
travel,3
methodical,3
coordinating,3
explicit,3
excessive,3
participative,3
substantive,3
learned,3
covers,3
rationalisation,3
lacking,3
education,4
top,4
finance,4
co,4
sets,4
public,4
text,4
past,4
professional,4
strat,4
success,4
numbers,4
percentage,4
associations,4
regulatory,4
fields,4
procedure,4
strategy,4
centers,4
mainly,4
alternative,4
directions,4
age,4
extra,4
chapter,4
issue,4
complex,4
mobility,4
reading,4
armenia,4
croatia,4
qxp,4
agreed,4
approved,4
new,4
models,4
outputs,4
operation,4
parents,4
agency,4
competencies,4
integration,4
work,4
exp,4
strategies,4
strengthening,4
explain,4
people,4
budgetary,4
demand,4
areas,4
doc,4
continuous,4
implement,4
active,4
legal,4
many,4
global,4
also,4
b,4
bachelor,4
ict,4
list,4
proficiency,4
register,4
priorities,4
strengthen,4
outlined,4
republic,4
support,4
pupils,4
persons,4
promote,4
cycle,4
section,4
establishing,4
facilitate,4
bih,4
institutes,4
manner,4
based,4
scale,4
lower,4
services,4
management,4
methodology,4
accordance,4
points,4
best,4
furthermore,4
could,4
throughout,4
teaching,4
gdp,4
workforce,4
ministries,4
real,4
things,4
still,4
pilot,4
significantly,4
even,4
context,4
ratio,4
print,4
mths,4
learning,4
supporting,4
phase,4
broad,4
ii,4
governance,4
natural,4
competences,4
line,4
distance,4
transfer,4
profession,4
options,4
formation,4
introduce,4
bologna,4
family,4
centres,4
allocation,4
roles,4
legislative,4
around,4
managers,4
evaluators,4
promotion,4
social,4
since,4
pdf,4
included,4
ways,4
moes,4
completion,4
mutual,4
thinking,4
admission,4
needs,4
internal,4
mid,4
timelines,4
significant,4
first,4
monitoring,4
made,4
reform,4
literary,4
lifelong,4
young,4
total,4
budget,4
within,4
qualifications,4
create,4
scientific,4
school,4
capacity,4
using,4
principles,4
effective,4
employers,4
particular,4
processes,4
however,4
population,4
student,4
existing,4
impact,4
act,4
increased,4
graduates,4
research,4
across,4
g,4
decision,4
meys,4
master,4
word,4
q,4
economic,4
early,4
related,4
quality,4
activity,4
therefore,4
council,4
institutional,4
institutions,4
technology,4
model,4
take,4
personal,4
courses,4
providing,4
methods,4
distinguish,4
review,4
expenditure,4
sustaining,4
change,4
actions,4
educational,4
system,4
among,4
des,4
rate,4
systems,4
cultural,4
group,4
form,4
adult,4
companies,4
established,4
level,4
issues,4
quarter,4
introduction,4
tools,4
mln,4
goal,4
well,4
project,4
occupational,4
country,4
used,4
structure,4
doctoral,4
creating,4
gender,4
page,4
mechanisms,4
full,4
ad,4
projects,4
roa,4
r,4
programmes,4
skills,4
importance,4
expansion,4
diploma,4
responsibility,4
construction,4
speech,4
schools,4
process,4
approach,4
goals,4
potential,4
priority,4
private,4
terms,4
funds,4
czech,4
c,4
p,4
include,4
business,4
national,4
countries,4
infrastructure,4
develop,4
plans,4
sector,4
central,4
time,4
greater,4
policies,4
culture,4
two,4
cross,4
financing,4
basic,4
according,4
figures,4
practical,4
youth,4
growth,4
problems,4
students,4
learners,4
training,4
towards,4
regular,4
see,4
post,4
table,4
pro,4
recommendations,4
document,4
e,4
technologies,4
currently,4
recognition,4
required,4
protection,4
continuing,4
target,4
understanding,4
situation,4
proportion,4
particularly,4
apply,4
relation,4
carried,4
enable,4
values,4
heis,4
delivery,4
enterprise,4
view,4
situations,4
curricula,4
types,4
equipment,4
guidance,4
low,4
relationships,4
authorities,4
account,4
members,4
programme,4
activities,4
clear,4
standard,4
job,4
achieved,4
families,4
application,4
source,4
sources,4
civil,4
functions,4
hei,4
course,4
building,4
medium,4
meet,4
perspective,4
qualification,4
present,4
trends,4
result,4
share,4
changing,4
especially,4
flexible,4
municipalities,4
others,4
matter,4
regions,4
become,4
experts,4
improved,4
establish,4
examples,4
addition,4
network,4
irish,4
ability,4
would,4
example,4
initiatives,4
moldova,4
pedagogical,4
resource,4
involved,4
ongoing,4
efficient,4
strategic,4
competence,4
involvement,4
creation,4
evaluation,4
state,4
oriented,4
help,4
committee,4
three,4
international,4
material,4
www,4
agencies,4
n,4
hea,4
simple,4
layout,4
criteria,4
personnel,4
policy,4
able,4
case,4
main,4
netherlands,4
government,4
taken,4
open,4
challenges,4
legislation,4
together,4
representatives,4
law,4
agenda,4
final,4
analysis,4
already,4
establishment,4
iii,4
cost,4
certain,4
framework,4
participate,4
procedures,4
implementing,4
http,4
organisation,4
initial,4
common,4
europe,4
documents,4
rules,4
end,4
agreements,4
small,4
stage,4
offer,4
ensuring,4
enrolment,4
communities,4
thus,4
annual,4
free,4
en,4
overall,4
jobs,4
care,4
graduate,4
disadvantaged,4
implemented,4
diversity,4
way,4
risk,4
requires,4
second,4
board,4
profile,4
must,4
elaboration,4
guidelines,4
textbooks,4
due,4
child,4
inclusive,4
immediate,4
every,4
aims,4
ie,4
design,4
targets,4
without,4
right,4
introduced,4
means,4
problem,4
nature,4
gel,4
rates,4
selection,4
regulation,4
upper,4
centre,4
several,4
previous,4
minister,4
examinations,4
teachers,4
vision,4
stakeholders,4
behaviour,4
assistance,4
agreement,4
offered,4
approval,4
montenegro,4
average,4
responsible,4
hand,4
position,4
use,4
million,4
information,4
continue,4
third,4
tion,4
region,4
abroad,4
secondary,4
primarily,4
emphasis,4
joint,4
additional,4
regarding,4
require,4
career,4
industry,4
created,4
organisations,4
another,4
major,4
lei,4
partnership,4
least,4
identify,4
taking,4
measure,4
supported,4
supports,4
lack,4
iv,4
office,4
contribute,4
aim,4
learn,4
expert,4
bodies,4
anacec,4
union,4
short,4
concept,4
preparation,4
reports,4
promoting,4
lead,4
examination,4
study,4
given,4
materials,4
capital,4
point,4
achieve,4
efficiency,4
pupil,4
knowledge,4
organization,4
comprehensive,4
possibilities,4
modern,4
includes,4
children,4
tasks,4
plan,4
political,4
rights,4
structures,4
regulations,4
positive,4
opportunity,4
normative,4
implementation,4
effectiveness,4
supply,4
successful,4
statement,4
costs,4
languages,4
number,4
schemes,4
respect,4
extent,4
self,4
administrative,4
appropriate,4
curriculum,4
increase,4
provide,4
studies,4
service,4
ireland,4
developed,4
per,4
possible,4
assessment,4
institution,4
standards,4
regional,4
ministry,4
range,4
external,4
may,4
assurance,4
cooperation,4
environment,4
conditions,4
content,4
programs,4
provision,4
economy,4
indicators,4
department,4
degree,4
order,4
pre,4
levels,4
groups,4
ensure,4
labour,4
term,4
action,4
access,4
outcomes,4
academic,4
performance,4
eu,4
period,4
universities,4
objective,4
primary,4
local,4
key,4
general,4
non,4
employment,4
expected,4
developing,4
planning,4
opportunities,4
vocational,4
sustainable,4
world,4
making,4
increasing,4
sectors,4
program,4
focus,4
different,4
role,4
human,4
changes,4
foreign,4
v,4
set,4
forms,4
resources,4
requirements,4
development,4
applied,4
technical,4
participation,4
society,4
subjects,4
improving,4
future,4
good,4
science,4
report,4
communication,4
make,4
language,4
various,4
life,4
staff,4
current,4
higher,4
provided,4
european,4
etc,4
practice,4
data,4
experience,4
improvement,4
available,4
better,4
results,4
community,4
working,4
financial,4
funding,4
specific,4
sciences,4
one,4
market,4
improve,4
health,4
part,4
important,4
year,4
individual,4
innovation,4
need,4
accreditation,4
special,4
progress,4
including,4
high,4
area,4
objectives,4
measures,4
university,4
teacher,4
necessary,4
following,4
long,4
place,4
subject,4
relevant,4
basis,4
field,4
years,4
deepen,5
radically,5
guardians,5
commit,5
tolessthan,5
varying,5
legally,5
autism,5
colour,5
mea,5
airs,5
comprise,5
deploy,5
variation,5
dents,5
duplicate,5
wage,5
suggested,5
placing,5
ca,5
interpretations,5
concurrently,5
devote,5
vno,5
carries,5
catalyst,5
reallocation,5
externally,5
responded,5
nursing,5
identical,5
bottom,5
timetable,5
constituent,5
recognises,5
auditing,5
explicitly,5
journal,5
became,5
sporting,5
alia,5
border,5
filled,5
tackling,5
exceptionally,5
opment,5
cooperating,5
underpins,5
electricity,5
republiky,5
dramatically,5
deficits,5
gni,5
served,5
consciously,5
malus,5
chamber,5
prague,5
combinations,5
anticipate,5
determines,5
maximise,5
compiling,5
sign,5
nrq,5
modernize,5
kolstv,5
simplified,5
dissertation,5
problematic,5
retaining,5
sometimes,5
translated,5
nowt,5
compromise,5
concentrated,5
object,5
embed,5
streamlining,5
farming,5
rug,5
du,5
curiosity,5
bibliography,5
excluded,5
assistant,5
stabilisation,5
enforce,5
utilised,5
degradation,5
rozvoj,5
ek,5
tartu,5
generate,5
exceptional,5
meaningful,5
minimised,5
accelerate,5
subsidiarity,5
pdst,5
deterioration,5
voor,5
observation,5
flanders,5
permeable,5
securing,5
referential,5
administratively,5
widening,5
collaborating,5
flowers,5
prioritize,5
purchases,5
een,5
flows,5
externalities,5
pressing,5
convenient,5
repetitive,5
paramount,5
exercising,5
royal,5
firms,5
substance,5
true,5
empathy,5
entertainment,5
played,5
wb,5
returns,5
familiarity,5
price,5
firm,5
nr,5
prices,5
chovy,5
definitions,5
join,5
chemical,5
altered,5
tracking,5
sample,5
affects,5
denominational,5
guarantors,5
emergence,5
protocol,5
incorporating,5
probably,5
ece,5
stu,5
mdl,5
govt,5
researching,5
increaseireland,5
impediments,5
welcome,5
recommend,5
hardly,5
separation,5
respectful,5
traits,5
financially,5
initiating,5
distinct,5
sse,5
dangerous,5
mitigate,5
emigrants,5
piloting,5
nonetheless,5
hour,5
biodiversity,5
stimulation,5
fossil,5
breathing,5
multifaceted,5
hereinafter,5
systemic,5
prove,5
optimize,5
albanian,5
volunteering,5
manners,5
centered,5
ranking,5
introduces,5
classmates,5
intensity,5
ap,5
try,5
realized,5
inefficiency,5
annum,5
trips,5
experimentation,5
plc,5
nu,5
posture,5
plant,5
correction,5
selects,5
monetary,5
gathering,5
species,5
mezin,5
tempo,5
nsc,5
stimulated,5
ge,5
cultivate,5
mild,5
strategically,5
undergo,5
ethnicity,5
ce,5
resultant,5
educator,5
mediating,5
humankind,5
presidential,5
harmony,5
founding,5
multiculturalism,5
heat,5
indirectly,5
navigate,5
freedoms,5
atio,5
equips,5
suggest,5
accord,5
whw,5
organ,5
consortium,5
senates,5
ci,5
disaster,5
improves,5
modifications,5
playing,5
spend,5
television,5
tied,5
dimensions,5
assign,5
treating,5
highlight,5
spots,5
skillsireland,5
articulation,5
electrical,5
mode,5
stories,5
excluding,5
alliances,5
dper,5
modalities,5
inside,5
entirely,5
abandoned,5
experimental,5
corporate,5
ncw,5
lending,5
producing,5
switch,5
coding,5
uptake,5
heterogeneous,5
worth,5
starts,5
confirmed,5
ssti,5
keys,5
invested,5
cd,5
teaches,5
greenery,5
consumers,5
sized,5
golden,5
fdi,5
horizons,5
realizing,5
reasoning,5
informa,5
ocw,5
assigning,5
refer,5
shrinking,5
disappear,5
modest,5
aided,5
qnhs,5
greenhouse,5
drought,5
legitimacy,5
conservation,5
op,5
helpful,5
probation,5
polycentric,5
undesirable,5
fitness,5
socioeconomic,5
taxes,5
id,5
renewable,5
rodn,5
gem,5
therein,5
pracovn,5
beings,5
compacts,5
striving,5
preparations,5
grown,5
temperature,5
emotions,5
ecological,5
exceed,5
uniform,5
election,5
nurturing,5
processed,5
kinds,5
competing,5
costing,5
foods,5
strengthens,5
port,5
vl,5
reasonably,5
implements,5
twenty,5
compact,5
supplies,5
discuss,5
collaborate,5
displacement,5
defending,5
disseminating,5
inthe,5
linkages,5
clarifying,5
characterized,5
ze,5
z,5
mu,5
raw,5
imperative,5
chemistry,6
wishes,6
shape,6
propose,6
cso,6
expressions,6
viii,6
big,6
received,6
tables,6
today,6
accessibility,6
moreover,6
focuses,6
solution,6
allocations,6
directors,6
return,6
absolute,6
estonia,6
concepts,6
nationally,6
https,6
recommendation,6
becomes,6
certification,6
takes,6
president,6
marketing,6
north,6
appeals,6
practitioners,6
entrepreneurial,6
presentation,6
consequences,6
held,6
relationship,6
sections,6
noted,6
bank,6
contains,6
go,6
middle,6
panels,6
migration,6
specialised,6
incentives,6
extensive,6
continuously,6
listening,6
thousand,6
request,6
district,6
getting,6
environmental,6
dissemination,6
entities,6
done,6
pds,6
correct,6
encouraged,6
guide,6
qualities,6
observed,6
supplement,6
charge,6
stronger,6
wellbeing,6
water,6
montenegrin,6
foreigners,6
trend,6
index,6
house,6
onwards,6
calculations,6
ten,6
hungarian,6
scope,6
recruitment,6
comparable,6
analyses,6
acquiring,6
respective,6
undergraduate,6
advice,6
adapted,6
timss,6
mechanism,6
humans,6
kov,6
adaptation,6
choose,6
organized,6
esg,6
veerman,6
get,6
circumstances,6
heritage,6
evaluated,6
allocate,6
analyse,6
comply,6
household,6
reflected,6
read,6
attend,6
come,6
networking,6
coordinated,6
organising,6
initiated,6
w,6
focusing,6
mtef,6
items,6
abuse,6
requirement,6
successfully,6
lecturers,6
charter,6
certificates,6
bar,6
projections,6
graduation,6
input,6
instead,6
pursue,6
councils,6
mind,6
naturally,6
week,6
achievements,6
covered,6
reforming,6
increases,6
formulate,6
norms,6
traffic,6
lines,6
test,6
educators,6
revised,6
directed,6
min,6
allowing,6
web,6
html,6
hr,6
seeking,6
pay,6
century,6
incl,6
hungary,6
obtain,6
submitted,6
users,6
decentralization,6
independently,6
elementary,6
leads,6
convention,6
visit,6
resulting,6
south,6
respectively,6
forming,6
shift,6
owners,6
emerging,6
passed,6
specified,6
postgraduate,6
january,6
panel,6
assessing,6
minorities,6
sentence,6
managerial,6
advantage,6
interested,6
grow,6
considerable,6
com,6
sen,6
specialist,6
smaller,6
forward,6
operations,6
recognise,6
gain,6
estimate,6
equity,6
days,6
delivered,6
psychological,6
structured,6
arising,6
multiple,6
ects,6
parties,6
uses,6
timeline,6
aware,6
differentiated,6
kindergartens,6
adequately,6
volume,6
consumption,6
rationalization,6
performed,6
bringing,6
subsequent,6
rapidly,6
considering,6
professors,6
ment,6
decline,6
unique,6
times,6
assistants,6
attitude,6
compulsory,6
decreased,6
comments,6
inspection,6
audit,6
ownership,6
fit,6
question,6
budgets,6
th,6
attestation,6
length,6
cadres,6
appropriately,6
committees,6
computers,6
manufacturing,6
autonomous,6
loans,6
yearly,6
decade,6
reflection,6
encouraging,6
causes,6
welfare,6
attitudes,6
reasons,6
enterprises,6
show,6
assist,6
connections,6
six,6
inequalities,6
familiar,6
discussions,6
targeted,6
fep,6
internships,6
soil,6
body,6
croatian,6
five,6
closely,6
mean,6
entry,6
response,6
recognised,6
broader,6
nbs,6
facilitating,6
nutrition,6
space,6
concerning,6
enhancing,6
st,6
socio,6
organisational,6
actors,6
ageing,6
becoming,6
economically,6
reason,6
informed,6
contributes,6
themes,6
credits,6
directly,6
tolerance,6
mental,6
linked,6
sustainability,6
whose,6
georgian,6
gained,6
guarantee,6
solutions,6
unit,6
principals,6
parts,6
reviewed,6
close,6
follow,6
database,6
search,6
food,6
substances,6
annex,6
authority,6
boards,6
friendly,6
either,6
wider,6
stages,6
impacts,6
inequality,6
partnerships,6
affairs,6
threats,6
instruction,6
found,6
facts,6
respond,6
link,6
competitive,6
artistic,6
evaluate,6
decreasing,6
classroom,6
exchange,6
helps,6
representative,6
renewal,6
positions,6
relatively,6
raise,6
deis,6
like,6
salary,6
center,6
company,6
comes,6
denmark,6
everyday,6
composition,6
upon,6
creativity,6
indicator,6
ensures,6
ing,6
supervision,6
ordination,6
arrangements,6
applying,6
statistical,6
newly,6
ncca,6
expand,6
balance,6
preparing,6
define,6
allows,6
phd,6
function,6
concrete,6
progression,6
cohesion,6
manage,6
intended,6
leadership,6
industrial,6
sharing,6
enough,6
identity,6
light,6
interviews,6
agriculture,6
maintaining,6
associated,6
contributing,6
mecr,6
numeracy,6
parity,6
stem,6
ethnic,6
women,6
ideas,6
decrease,6
trade,6
dropout,6
tuition,6
reduced,6
look,6
division,6
prerequisite,6
proposed,6
profiles,6
numerical,6
commitments,6
burden,6
links,6
lives,6
coherence,6
tool,6
details,6
evaluating,6
mth,6
difficult,6
leading,6
vocabulary,6
shared,6
specifically,6
informal,6
tracks,6
citizen,6
amendments,6
exams,6
offices,6
departure,6
titles,6
amu,6
existence,6
tional,6
money,6
expanding,6
municipality,6
physics,6
departmental,6
majority,6
executive,6
limerick,6
con,6
expectations,6
consistent,6
realise,6
electronic,6
poor,6
gnist,6
months,6
remains,6
rather,6
collection,6
team,6
pisa,6
fewer,6
graphic,6
oral,6
carrying,6
previously,6
approx,6
reviewing,6
genres,6
processing,6
laboratories,6
transformation,6
preschool,6
substantial,6
feedback,6
ever,6
autumn,6
classrooms,6
factor,6
horizontal,6
ka,6
sufficiently,6
shown,6
intellectual,6
mandatory,6
cases,6
parliament,6
pace,6
fourth,6
drafting,6
clients,6
followed,6
regularly,6
registered,6
armenian,6
naa,6
olds,6
managing,6
generally,6
acquisition,6
features,6
accredited,6
fet,6
latest,6
candidates,6
exclusion,6
meaning,6
stated,6
addressing,6
effect,6
products,6
unemployed,6
projected,6
offering,6
complementary,6
operational,6
harmonisation,6
completing,6
reflects,6
confidence,6
independence,6
renovation,6
medical,6
operating,6
logical,6
updated,6
direction,6
properly,6
daily,6
varied,6
communicate,6
regulated,6
hobby,6
likely,6
sports,6
cover,6
match,6
revision,6
beginning,6
live,6
cent,6
contract,6
burdened,7
zem,7
static,7
advised,7
len,7
venture,7
stimuli,7
precipitation,7
clld,7
strain,7
conditioning,7
sratingto,7
ou,7
habitats,7
gifts,7
landscapes,7
studentsatlevel,7
subchapter,7
onderzoek,7
kitchen,7
surfaces,7
chcfe,7
coll,7
nab,7
streamline,7
esri,7
songs,7
rhythmic,7
vko,7
hiking,7
fuels,7
symptoms,7
compounds,7
boru,7
compensational,7
anal,7
exact,7
alliance,7
certainty,7
jump,7
expands,7
complicated,7
dcu,7
wo,7
komise,7
apparatuses,7
comfortable,7
mt,7
rectorate,7
pu,7
weekly,7
pl,7
fct,7
hrm,7
supervisor,7
digitisation,7
neighbouring,7
inclusiveness,7
establishes,7
helped,7
interconnectedness,7
urbanismus,7
reallocated,7
republice,7
gather,7
trans,7
hoger,7
unusual,7
lcdro,7
euro,7
attraction,7
ris,7
spring,7
exceeded,7
academia,7
incorporation,7
nederlandse,7
multilateral,7
czso,7
zemn,7
counts,7
studentsperformingbelow,7
deans,7
lcvp,7
wind,7
notation,7
protective,7
senate,7
sia,7
concentrating,7
dom,7
prostor,7
meter,7
automotive,7
occurring,7
diskriminace,7
incentivise,7
biosphere,7
cartographic,7
capitalise,7
cash,7
dividing,7
mrd,7
pathological,7
prejudices,7
nuclear,7
roofs,7
rooms,7
sing,7
urbanised,7
naar,7
continents,7
kon,7
samples,7
rationale,7
isse,7
hbo,7
raak,7
futures,7
ministerstvo,7
vocal,7
valorisation,7
spectrum,7
cultivating,7
stcentury,7
infrastructures,7
graphical,7
disorder,7
singing,7
song,7
sensitivity,7
caring,7
sk,7
architecture,7
dsp,7
accompaniment,7
jobseekers,7
dy,7
dance,7
regimen,7
impairment,7
grand,7
tackled,7
musical,7
smes,7
locate,7
deepens,7
allotment,7
month,7
unallocated,7
predictable,7
injury,7
impairments,7
ejn,7
erosion,7
arable,7
compiled,7
melody,7
stw,7
sep,7
drainage,7
compositions,7
improvisation,7
remove,7
orabove,7
umber,7
sensory,7
terminology,7
news,7
disposal,7
animal,7
spontaneous,7
mber,7
ml,7
massive,7
counterindicative,7
dostupn,7
senses,7
evropsk,7
roportion,7
organs,7
disorders,7
bias,7
sz,7
ei,7
cultivation,7
tones,7
deliberation,7
hydrocarbons,7
retardation,7
sociocultural,7
relaxation,7
anticipated,7
folk,7
sfi,7
agglomerations,7
syndrome,7
recycling,7
reactions,7
ublic,7
reconciliation,7
sophisticated,7
recognize,7
extraordinary,7
rutte,7
stylistic,7
nwo,7
painting,7
swimming,7
knaw,7
encompasses,7
sh,7
photography,7
praha,7
cabinet,8
appointment,8
ready,8
desirable,8
limits,8
decisive,8
transferring,8
considerations,8
municipal,8
speaking,8
ask,8
lifespan,8
charitable,8
sharp,8
promoted,8
lisbon,8
birth,8
affect,8
transitions,8
formed,8
clusters,8
stable,8
pedagogy,8
user,8
platforms,8
elderly,8
variety,8
brought,8
demonstrate,8
believe,8
lessons,8
partial,8
taught,8
vertical,8
aiming,8
maps,8
fast,8
emotional,8
authorization,8
symbols,8
sketch,8
detail,8
relocation,8
extension,8
amending,8
preservation,8
accompanied,8
transferred,8
spread,8
compensation,8
perceived,8
guided,8
needing,8
mutually,8
concluded,8
operative,8
ordinated,8
implications,8
blended,8
clarity,8
ncea,8
implies,8
administered,8
asresourcespermit,8
recommended,8
underlying,8
sta,8
theme,8
ments,8
proceed,8
november,8
continually,8
seeks,8
underway,8
customers,8
cutting,8
bearing,8
progressive,8
formative,8
minor,8
pp,8
solid,8
vary,8
feasibility,8
collectively,8
united,8
economies,8
guiding,8
highlights,8
geography,8
library,8
characterised,8
founded,8
broadband,8
expense,8
assumes,8
connected,8
esif,8
thorough,8
squares,8
frame,8
allowed,8
thous,8
quotas,8
generations,8
fragmentation,8
transform,8
chosen,8
collective,8
recipients,8
aegis,8
version,8
bases,8
considerably,8
corruption,8
profit,8
younger,8
green,8
largest,8
routes,8
justice,8
matura,8
researches,8
harmonization,8
double,8
specifics,8
recorded,8
proven,8
integrity,8
formulating,8
membership,8
covering,8
ngos,8
surveys,8
product,8
talents,8
capable,8
spent,8
defines,8
gives,8
settings,8
unlawful,8
rational,8
trust,8
dependent,8
meetings,8
limit,8
benchmarking,8
award,8
influenced,8
industries,8
integrating,8
undertaken,8
cooperate,8
avoid,8
later,8
purposes,8
leave,8
licensing,8
analysing,8
drawing,8
visible,8
despite,8
formulation,8
na,8
qqai,8
centred,8
parent,8
vital,8
contact,8
demanding,8
equip,8
statutory,8
satisfaction,8
led,8
employee,8
surroundings,8
makers,8
regardless,8
restoration,8
consistently,8
sound,8
dynamics,8
interactive,8
pronunciation,8
fulfilling,8
encourages,8
fair,8
guaranteed,8
outlines,8
analytical,8
engaging,8
adopt,8
crisis,8
leisure,8
advantages,8
territory,8
communicating,8
telephone,8
desired,8
adopting,8
contracts,8
enabling,8
sure,8
secretary,8
measured,8
oversight,8
applies,8
reality,8
accept,8
helping,8
sp,8
traditions,8
built,8
nation,8
consists,8
quantitative,8
phonetic,8
adjustment,8
teamwork,8
steering,8
disciplinary,8
foster,8
similarly,8
assigned,8
precondition,8
portion,8
giving,8
servant,8
path,8
schedule,8
classification,8
broken,8
attainment,8
drive,8
matrix,8
incorporate,8
earth,8
frequently,8
provisional,8
amongst,8
voluntary,8
lifestyle,8
recognized,8
begin,8
incentive,8
strive,8
maintained,8
advanced,8
measuring,8
eurostat,8
phases,8
evidence,8
serving,8
creates,8
reaching,8
erc,8
reinforcing,8
conflicts,8
entrepreneurs,8
largely,8
caused,8
series,8
track,8
depend,8
techniques,8
indicate,8
organisms,8
indicates,8
ix,8
elective,8
scientists,8
sum,8
leaders,8
shortages,8
explore,8
benchmarks,8
undertake,8
overview,8
concern,8
expressed,8
select,8
white,8
europa,8
platform,8
addressed,8
recently,8
older,8
drugs,8
brings,8
run,8
boost,8
guides,8
governmental,8
inadequate,8
deal,8
chances,8
combine,8
continuation,8
satisfactory,8
flow,8
religious,8
monuments,8
doctors,8
furniture,8
reformed,8
conducive,8
sb,8
handling,8
considers,8
radio,8
professionally,8
duties,8
lump,8
spatial,8
enforcement,8
socialisation,8
generated,8
crt,8
mf,8
examining,8
expression,8
ethical,8
imperfect,8
linear,8
moe,8
recognising,8
difference,8
ch,8
experiment,8
exercise,8
insufficiently,8
linguistic,8
examined,8
weather,8
foundation,8
add,8
xi,8
incomplete,8
opt,8
bullying,8
town,8
micro,8
ba,8
assumption,8
facilitation,8
coverage,8
supplementary,8
documentation,8
imp,8
adequacy,8
tech,8
segregation,8
supervisory,8
incoming,8
communes,8
occurrence,8
bilateral,8
carefully,8
styles,8
block,8
matching,8
mother,8
admitted,8
realisation,8
unable,8
uncertainty,8
consonants,8
outdated,8
formally,8
violence,8
logistics,8
subsidy,8
tariff,8
enqa,8
compound,8
consortia,8
reserved,8
heqac,8
complaints,8
presentations,8
densely,8
shifting,8
int,8
violation,8
ancient,8
reconstruction,8
vs,8
trainers,8
hhx,8
liaison,8
javakheti,8
medieval,8
wrong,8
wks,8
era,8
understands,8
sales,8
write,8
portal,8
war,8
conceptualizing,8
cultivated,8
professionalisation,8
noramtive,8
leap,8
triangles,8
comparing,8
ilo,8
retail,8
recreational,8
dual,8
complexity,8
professionalism,8
crafts,8
indirect,8
servants,8
vacancies,8
nevertheless,8
mer,8
refurbishment,8
appeal,8
awarding,8
criminal,8
comparator,8
east,8
check,8
diversified,8
commissioning,8
htx,8
consultations,8
erent,8
constitution,8
asresourcesallow,8
mentors,8
mark,8
theory,8
ahead,8
mar,8
fundamentals,8
exception,8
sce,8
sexual,8
produce,8
heads,8
western,8
pedagogic,8
preventative,8
comprises,8
amended,8
might,8
releases,8
dealt,8
cohort,8
lowest,8
outline,8
gov,8
forthcoming,8
realization,8
receiving,8
markets,8
constituency,8
opening,8
greatly,8
businesses,8
invited,8
economics,8
feasible,8
near,8
unless,8
intend,8
periodic,8
regulate,8
hospitality,8
centralized,8
ida,8
diagrams,8
typical,8
internship,8
humanities,8
regulating,8
motivate,8
decree,8
specialities,8
formula,8
populated,8
psycho,8
origin,8
didactic,8
quite,8
posts,8
momentum,8
mapping,8
traineeship,8
itk,8
actually,8
di,8
organizing,8
style,8
assumptions,8
systematically,8
lithuania,8
depending,8
reported,8
stakeholder,8
exam,8
letter,8
replacement,8
aistear,8
ehea,8
head,8
robotisation,8
note,8
vice,8
balanced,8
owned,8
vecs,8
scenarios,8
replaced,8
rehabilitated,8
unicef,8
specialise,8
fee,8
said,8
describes,8
wages,8
ph,8
guarantees,8
affecting,8
dignity,8
discrepancies,8
connect,8
hazardous,8
presenting,8
subsidised,8
organise,8
delay,8
stipulated,8
globally,8
emergency,8
spaces,8
diversifying,8
distinction,8
donor,9
obviously,9
timing,9
finland,9
penal,9
sch,9
heading,9
strand,9
grows,9
procedural,9
fundamentally,9
recognisability,9
nuffic,9
waiting,9
court,9
appendices,9
combat,9
gathered,9
interrelations,9
polytechnic,9
deviations,9
demographics,9
globe,9
eastern,9
inanimate,9
srovn,9
satisfied,9
responds,9
peak,9
similarity,9
branch,9
compilation,9
applicability,9
produces,9
divisions,9
tendencies,9
acknowledging,9
academically,9
assuming,9
terrorism,9
differentiating,9
commercialisation,9
mothers,9
ration,9
divide,9
interactions,9
academics,9
dissatisfaction,9
pending,9
street,9
atypical,9
structuring,9
rich,9
emerged,9
causing,9
afforded,9
travelling,9
sequences,9
customs,9
germany,9
spanish,9
checking,9
rozvoje,9
acknowledged,9
asset,9
treat,9
enriching,9
ochta,9
renovating,9
precisely,9
lifestyles,9
merger,9
faster,9
exploitation,9
attributions,9
pub,9
evolve,9
fairly,9
vidual,9
avoided,9
transitional,9
voucher,9
signals,9
assets,9
indi,9
outstanding,9
classified,9
decrees,9
valuation,9
nqai,9
break,9
harmonizing,9
clarify,9
pool,9
edition,9
judged,9
portfolio,9
tutors,9
tender,9
tension,9
goed,9
commune,9
par,9
grounded,9
fellow,9
swot,9
pc,9
ago,9
sectional,9
interlinking,9
impacted,9
prominent,9
endowment,9
struc,9
assembly,9
strives,9
cal,9
broaden,9
evaluator,9
modification,9
tremendous,9
merit,9
intolerance,9
really,9
mec,9
fostering,9
translation,9
pirls,9
manuals,9
plus,9
viewed,9
serves,9
intensively,9
al,9
stereotypes,9
compatible,9
selecting,9
coaching,9
consolidate,9
stay,9
democratization,9
treatment,9
combining,9
moderate,9
rewarding,9
activation,9
putting,9
obvious,9
merely,9
bonus,9
clothing,9
route,9
abbreviations,9
inability,9
assignments,9
rigorous,9
wp,9
oireachtas,9
orient,9
protecting,9
emission,9
educating,9
consultancy,9
intercultural,9
ed,9
presence,9
vsnu,9
intensifying,9
missions,9
apparatus,9
oversee,9
firstly,9
intensification,9
tackle,9
iso,9
programming,9
freely,9
powers,9
nt,9
transforming,9
distribute,9
validated,9
stimulates,9
modular,9
default,9
koncepce,9
ngo,9
shopping,9
baseline,9
call,9
se,9
acceptable,9
corrective,9
thesis,9
migrants,9
therapy,9
le,9
requisite,9
cluster,9
functionality,9
drinking,9
illness,9
negotiations,9
idea,9
esteem,9
commissioned,9
immediately,9
commonly,9
specifications,9
approving,9
blocks,9
ground,9
dr,9
diagram,9
contrast,9
presents,9
facility,9
ddp,9
foreword,9
permanent,9
carbon,9
embedding,9
motivated,9
tie,9
supportive,9
recognizing,9
qqi,9
induction,9
robust,9
communicative,9
skillnets,9
trustees,9
pension,9
verifying,9
gains,9
administrations,9
concentrate,9
soci,9
choosing,9
reflecting,9
finances,9
rhythm,9
games,9
dramatic,9
peers,9
instrumental,9
intentions,9
el,9
buses,9
disability,9
peripheral,9
onderwijs,9
motion,9
cz,9
side,9
storage,9
voice,9
suburbanisation,9
plants,9
resilient,9
theses,9
geographic,9
containing,9
balancing,9
inspiration,9
earmarked,9
load,9
acceptance,9
broadening,9
burdens,9
composed,9
imagination,9
electives,9
subsidies,9
preconditions,9
igher,9
comparability,9
validity,9
irreplaceable,9
besides,9
ex,9
mature,9
reproduction,9
wherever,9
ultimate,9
comparisons,9
simplify,9
selective,9
insight,9
medicine,9
observing,9
motivational,9
differentiate,9
exercises,9
ages,9
soils,9
compete,9
interpret,9
disruption,9
understood,9
film,9
movement,9
feature,9
launching,9
consensus,9
inputs,9
harmonize,9
optimise,9
circulation,9
frequent,9
affiliation,9
purposeful,9
expressly,9
admitting,9
technique,9
reproduce,9
namely,9
author,9
exactly,9
seem,9
familiarize,9
pleased,9
arises,9
safely,9
debt,9
bilingual,9
receptive,9
interpreting,9
permanently,9
immersion,9
pe,9
enabled,9
revisions,9
certainly,9
pronounced,9
none,9
wealth,9
parenthood,9
comprising,9
holders,9
ip,9
appraisal,9
apparent,9
elimination,9
performingoecd,9
inflation,9
conditioned,9
humanitarian,9
negatively,9
edge,9
measurements,9
raises,9
recruit,9
parks,9
representing,9
chisinau,9
renewing,9
teenagers,9
deemed,9
geared,9
firmly,9
hereby,9
meant,9
renovated,9
computing,9
outs,9
optimising,9
houses,9
rationalize,9
maintainer,9
baccalaureate,9
opposed,9
induce,9
acquainted,9
mitigation,9
claims,9
motivating,9
falling,9
participant,9
pays,9
influx,9
iot,9
chair,9
harmonise,9
educate,9
civilisation,9
narrowly,9
worldwide,9
arguments,9
retired,9
names,9
submission,9
mediterranean,9
behalf,9
deficit,9
fairness,9
fulfillment,9
supplied,9
peculiarities,9
globalisation,9
clearer,9
updates,9
likewise,9
native,9
consulted,9
specialty,9
front,9
nes,9
traditionally,9
ne,9
thing,9
restore,9
convergence,9
projection,9
flex,9
finds,9
mitigating,9
journals,9
residents,9
calendar,9
mastering,9
proof,9
empirical,9
statements,9
harmonising,9
precise,9
stands,9
kind,9
appropriations,9
execution,9
millennium,9
capture,9
eating,9
meanwhile,9
weight,9
pursuant,9
overcoming,9
assume,9
normally,9
emphasise,9
scores,9
lot,9
fulfils,9
populations,9
passive,9
noise,9
ultimately,9
definitely,9
specification,9
ectively,9
decent,9
accuracy,9
preserve,9
eye,9
benchmark,9
steadily,9
et,9
suitability,9
excel,9
gateway,9
twice,9
fixed,9
undergone,9
modernised,9
aging,9
upgrade,9
offerings,9
psychologists,9
examiner,9
silver,9
conversely,9
shapes,9
requested,9
alcohol,9
afterschool,9
interact,9
usage,9
brownfield,9
irrespective,9
lga,9
joining,9
overcome,9
easy,9
varies,9
simply,9
modify,9
indeed,9
dormitories,9
profiled,9
nrto,9
deliberative,9
solely,9
uploads,9
branches,9
metrics,9
informative,9
resolving,9
describing,9
districts,9
notwithstanding,9
eligibility,9
purchased,9
ease,9
dis,9
